SYMBOL,SERIES,TRADE_DATE,OPEN,HIGH,LOW,CLOSE,TOTTRDQTY,TOTTRDVAL,VOL_SPIKE_RATIO,GAP_PCT,RANGE_PCT,CLOSE_STRENGTH,PREV_CLOSE_GAP_DAYS,SCORE,NEWS_SCORE,HARD_EXCLUDE,NEWS_POSITIVE_HITS,NEWS_NEGATIVE_HITS,NEWS_SEVERE_HITS,TOP_HEADLINES,HEADLINE_LINKS,NEWS_SCORE_0_1,FINAL_SCORE
NILKAMAL,EQ,2026-07-17,1445.0,1493.0,1385.0,1473.5,1670304,2416525702.4,28.65656892323239,7.747371560659168,7.79783393501805,0.8194444444368569,1.0,0.9607136209692401,0.0,False,,,,"Responsive Industries Ltd leads gainers in 'B' group - Business Standard | Stocks to Watch Today: Tech Mahindra, WeWork India, Borosil Renewables, Servotech Renewable, Maruti... - Moneycontrol.com | Nilkamal Reports 22.3% Surge in Q4 Net Profit Reaching ₹417 Million YoY - Sahi",https://news.google.com/rss/articles/CBMizAFBVV95cUxOMXRyemI0d2VwY2NWM01PT1ZsMlROcTR5RGdoUUlPSFlKUWlLWUlzNWVmeGdpVlV5SGpIQTRqQXVGTFMzY05LMjQzSWxUWURsZ1hXTE9fdUhGUy1JTWU4Vm1QdWk0Vk94TnhPSWhnMXg3UldEWUtYMjUzVF9aSEN2c1JPYXpDLWpLRmlGZUJVZkNMWkx3aklSSExvVWVwRGJyajlralVnWnliRzR3QUJJcF9PRHJMTm9IbWtTb1d5MV9pNnRQbUIycS03UHjSAdIBQVVfeXFMUEVRODhGQTNLSnVsWEx5emRkVktKY19wVWt6VFFhMnZtc3Eza3YtZHVOZnRBQ2xURUFxaTd3OGdWVE9Uak9hU05XMDd0WEVoNmlSWndEdGxDQXFjTG9OVzgwc3hqZm9GaTExUnRWVjM0QUJ6SmVZMFN4d1htNTlES1VXVFluZW9ZQXNEdDNkWUwyTXYteUtsMlhCa1FDczV5WHYxX3FnaXZhMktTVDh0Y3JzMERKMFJQZHByczJPQmdMRm5MQUtubGpWQWpnYldHdTBn?oc=5 | https://news.google.com/rss/articles/CBMipAJBVV95cUxOakNwXzBZY0RHaFo3YlBHZTJHQ1pNUlJkX3pIYnJpUXBidFk4WjhuWDZVeGQya0ZtaG04Unl4OS04SEhXTThIZVRJZG5NZlV5V2hpVU1ZdmJMelp0Zm9CQkdndnA0LUF4cjM5OFJ2V3Vld0V6SWlRc0p0TmEwTDdSY2JVWi1jNVJ1dUh0T25YT0xYWUtSaEhjMC1ZWEVsLTl4M3lJUTRYaVlDRk9OcG9qTC0zS0dVTm5iYngxV1NxYTJlUUxTQ2hoOTNjOXZXcWh1bUJYWXBKR0FlOHM0WnVyUFBhTkxDcVUwaUFoRGVyUnJoaHBPTXo1TzVwLW01R0NrdHktS1ZOTXNsT1ViVk5OVWZoMzJIU1d3bWpXRldzUk9Cd2Ux0gGqAkFVX3lxTE9EblA2S08wQ045TmNmeUxCUWNGU3g5LWk3anpNdExvZlNQamQ4OFRaMlpiTGlWV3kwSTlOOHlmaHFyMFNCWXNrY2doVDNZOGFDT180Njl4cnRwVTVSNzNfb2dCeGJUTzBwZ1A1MlFYZGJ5blZ5RjlzRFhJNEtUODczOWhwUGF4ZkdaNjBsVlllaXlSdEpkd0dGTDFCN3I4MlRUaTJVNTltWlRrNXlrZU5QRDlRN0J2dm1RVHJaMURhTkpVRzU0LWZhaFBGZ0t4bDZYek5yWHhETEpMTnFsWjdTZGQ4TWZVdmthb0ZWVFU1WEgxMTdVTDJfM0pteHFPZG5sSnVJLWhWN1pGc2sycnItZjlvV055Z2RQSjEzVkNQNkZ4NVQwUXc2REE?oc=5 | https://news.google.com/rss/articles/CBMirAFBVV95cUxQaWdoZmNhQXBqOGRCcjFfSXVuLUFxUWRCdU01SVZxcU0xbGNXTlFWYjRVbmxOTGh0NHpVVm0xVlZCNERscGZRR3htX21uZ2J5NVhxdFhTQm9PVjlYanJJcUdyaS1EZDhXYUN3ckk3d2ZkLWFxakdQZzFjMUZWMjNLZVZqdUtCSUtyTjJ6T3BkQXhUMFFKMGtuZURSZWRxUm5ZdUhFUFFIcTlJU2Rr?oc=5,0.5,0.822499534678468
MANOMAY,EQ,2026-07-17,177.92,192.0,176.38,190.43,116570,21795720.88,6.04725961663165,1.3500427228709633,8.855879351400388,0.8994878360499692,1.0,0.9574605058576485,0.0,False,,,,"Should You Be Excited About Manomay Tex India Limited's (NSE:MANOMAY) 12% Return On Equity? - simplywall.st | BTTL Stock Price and Chart — NSE:BTTL - TradingView | Manomay Tex India Board Meeting Scheduled on May 22, 2026 to Approve FY26 Audited Financial Results - scanx.trade",https://news.google.com/rss/articles/CBMi6gFBVV95cUxOM3hBbzBSVk9QMFhSeGNINng3RlgwckNWWUdYTGVnVUN4MFFhT2M4QWQ4NF9LWUdyek5MY01lb3dCZEM4cnA1U3BISGtDQk10eEE3ckw2cGtrcktMaTlFWnVEczBHa2ZqRkdsZldQOWNyMkNaMWNieFpLSjJZQWNUWko4N3YyTno4bjBsWklFc1RSOW5INkNzZDg4T0NWUEd4VHduVENsaFRCUS1HRXNxT2ZoM0x0dG53cmY1Tmw4NVd3WC1NTXZZZVhZVlJfc0Ewd29tc2VNZ3laLUNZRE1GNl85UlU5REQweVHSAe8BQVVfeXFMT0dRSUV3QjBNSW9WU0tSdUM4SGV0TDBTV0REZTBSVTBoeG9BQ3M5N0ZRSjl4dVJiRjZzTG1JYlBIR3NYOGs3Yk10SmFsTWVaNEpMWHYxVXJycFN1Wl9OZkp4dEU5S0FhVGtCWmE1TzdoUElJSFdTTWEtR3JJMU4tYTI0R1VET1cwWlNCczVTbWdfYm1pVkttTFpzRVdqVHFsSWJEc2Vxbm93SG9NVVYteXdMNV9RZDRNWmJYY1NOajdnOEh3cURvNmYxU3Y5TTduTFpYcHFXTGN1OEhrVFprTUpjM29HMWppWXdIMGdINDQ?oc=5 | https://news.google.com/rss/articles/CBMiWEFVX3lxTE1OYVRvTVJIemxKYUR0V3BpbjMzOUdHb2lwNTQzNUJydURhYVJvdEtKa0VMa3kzTnBRWWNMbXlrOUVjZkZ5RHZQVVU0NU5vMnNkQVpDUjN4NzM?oc=5 | https://news.google.com/rss/articles/CBMi6wFBVV95cUxNbTVxVUtxT1V4cG1fM0EzZkI2UXBja2Jlc192WFpnempYeHY1WXdSRFlhSUVEeUIzUVhsODktNUtwYUVFVUFPVXB2R3EzRXgxQUpvZ1kza2N5UW5pNmgtbnFnU0xqU3U3VkFlUy1JSmRzTjFqN3A5aXlHNGo2VWRrNnFXYlROOFI2aXl2UWx5QnFURHdBY1ZUUGVIZTVMc1VtT01iMWFvazhPWm9GOXA5ZDNvN3VDSHI3S0U4S3I5LWktMWtrTUhwN3YyM3JRZHA4TDdmSlhrd0Fscm5mbC1kRnYxQXAwLVNDLXhv?oc=5,0.5,0.8202223541003539
LAGNAM,EQ,2026-07-17,87.8,89.05,83.51,87.86,47502,4137111.11,4.303458022666945,3.19699106723084,6.633936055562198,0.7851985558149462,1.0,0.935506685745847,0.0,False,,,,"Lagnam Spintex Standalone March 2026 Net Sales at Rs 179.65 crore, up 10.31% Y-o-Y - Moneycontrol.com | MODTHREAD Stock Price and Chart — NSE:MODTHREAD - TradingView | From cotton mills to the stock exchange, how this businessman weaved a success story that only began after retirement - YourStory.com",https://news.google.com/rss/articles/CBMi3wFBVV95cUxPYURNeHE5akxtRUJYa1V6cHR5aEs0bElIVjRxNko2M0VwZkhQUnl0S1N0VFpkZ0dVSnVVTy1PY0FjSTJiZExma3B5eGlUcEZPeXpqZHFvbzljZGZWOVM2TVpBSFpiTFFHX0lmZVc1aVpVaFRXc004RGFFMm9nN2FaSjR4U2NiU3NXbVM4UmJ2a2FyeWpCdUhERVp4N2VOV1g2SzJJMEN6S1dVa1BMNnlZczhZeXFXOWZ6OW1zdHlsbE1XeVprZ2V6SVh2M2ZCV1diVlcyekxibF9aaU5FdFBj0gHkAUFVX3lxTE11OE9pdlJrcVhlUlkzZFBfa0NwdHVGcDdNSlBLRGpHMW1vblFpUVVGWHBmWnR6cEtCYmZ5WU1IbDY3aTVJYVhQcUFoUkdVOTJjaVlQRFlUSWJXX1U1QThLZU1YOVlBblF6NGFHM1VKVVRNZHI2TDBjLW1HSnV5ZmxSX0p0aUlycldrTnJhM0Q3dG40WDVWOUF2VXpDRDFnNkVId1IyRF9MeWhNeEZxamY0ZlJmeW5LNjM5UWgxbzMtN21Jdjl3OHN0ZTlWZksxaFF0d2Nqd3NCd1RhcEMzaUljSExCQg?oc=5 | https://news.google.com/rss/articles/CBMiX0FVX3lxTE1kdXN0MXB4bU9DWE92OGFQd3h6UkRrdlM0TGduaFZ4UFhxVGMxam5pS09JUFBqSWxoRjgxRFBBT2g0ck1scGJkdFRUaVhmWFNmNnlXZkxEc3owUEVsX1VJ?oc=5 | https://news.google.com/rss/articles/CBMijgFBVV95cUxOUkoyaVpEZmd4MGNEejN4LTV5YmRzYXowZHlzRHZyaHBpWm85X0Qyd01kUEMzbC00ZUhoM0lMM2kwT2NBbWhlMkxuMVRaN2lLOVRicWNtRnVSYTc1dE9HODFOVmw0U1NTTTg3SEppUzRvMzBlYm5GcllfWGtNT3Uyb01TaWc2RFQ5Zzl1aE9R?oc=5,0.5,0.8048546800220929
FEDERALBNK,EQ,2026-07-17,328.7,351.0,323.4,349.0,44155126,15068942344.95,6.771881150059826,0.642988364972433,8.534322820037113,0.9275362318504516,1.0,0.9336700954519925,0.0,False,,,,"Do Federal Bank's (NSE:FEDERALBNK) Earnings Warrant Your Attention? - simplywall.st | FEDERALBNK Forecast — Price Target — Prediction for 2027 - TradingView | FEDERALBNK Outlook for the Week (July 20, 2026 – July 24, 2026) - Equitypandit",https://news.google.com/rss/articles/CBMi3AFBVV95cUxONVNLY1lLWGJjaVZwNHFuNHFHSXJFSm1KR1Fka1ZFaEpNejMtOVlVSlNaRnJOTDlYWkpteV9FQ0VyODk2c084dzNxRXg2dnRaYUo2d1M5ZGJlSllTSUg2QUtNS0NROEExUlBsNVYySlowNmhNaVpTZC1kTjl5UmdKdXRUWE9jRXJ6MGw1cHhibmJRdDFFX2NRdnNPYVpkMkstYV9ORkMySHBudlRyNGtoSHZNcXFTZ2xWSW5iNWpybWFMRmlSOHpPSDlVb3ZMczNXOUxKV2k0THFTUnZC0gHcAUFVX3lxTE41U0tjWUtYYmNpVnA0cW40cUdJckVKbUpHUWRrVkVoSk16My05WVVKU1pGck5MOVhaSm15X0VDRXI4OTZzTzh3M3FFeDZ2dFphSjZ3UzlkYmVKWVNJSDZBS01LQ1E4QTFSUGw1VjJKWjA2aE1pWlNkLWROOXlSZ0p1dFRYT2NFcnowbDVweGJuYlF0MUVfY1F2c09hWmQySy1hX05GQzJIcG52VHI0a2hIdk1xcVNnbFZJbmI1anJtYUxGaVI4ek9IOVVvdkxzM1c5TEpXaTRMcVNSdkI?oc=5 | https://news.google.com/rss/articles/CBMifkFVX3lxTE9qMV9KRV9nQ0JMS2pNUmlwVzlJVVp1UDhTQ0wtdTJpMUxBNm04Z1lxUFdGbWNrNk41aDZ3NGlZX3pfVEJSZEZMRXZQOC1ybGhsMW9USmQyRHJnNTZSNTd0VVR4WUVKRmhDZnIzbkR0enVqbG4tdjNrOW52ZlY5dw?oc=5 | https://news.google.com/rss/articles/CBMibkFVX3lxTE8taXdiTldwRGNJdEpOSEdNMUhlREMydE9ZTWZ6cVBTWWVmaEIwUGRfNEhKTmZWaDF0enRva1ZEb0xTczZYY0hlWGFoMWFiS19OQzNTS1dwWUFYOGhzcVU1aFJ0QXZYN05BODNuWUhR?oc=5,0.5,0.8035690668163947
LANDMARK,EQ,2026-07-17,509.0,534.0,486.45,526.25,4269062,2209757180.75,1.8062581641926598,1.8611166700020036,9.77489978415048,0.8370136698036381,1.0,0.9311540249117695,0.0,False,,,,"Landmark Cars zooms 35% in 2 days; what's driving auto dealer stock? - Business Standard | Helios MF buys 0.6% shares in Landmark Cars, Axis Mutual Fund pares stake worth Rs 138 crore in ZF... - Moneycontrol.com | LANDMARK Forecast — Price Target — Prediction for 2027 - TradingView",https://news.google.com/rss/articles/CBMi3AFBVV95cUxQb1hsQVEzMmVuSmtFOEtNYmZkS0xMY25zbWlUWUhSdXpBSGJTTVdkbWZzM3FHX1lqMVV4M0dBTVc5eUROMDBkWVZtMnMySnhJWDVKeEYyMzM2MzFzbGpoU1VCQ3pSVVBoVDQ1OWdWZS1kcThRYkdUMUZ6LUdfa2h1WWxMNnE4THIxS0phMDNSeF9UVE9NWUkxU3BPby1vc2pUd09xUFhmX2ZudV9NOWVjMkYtVGxRTnp1Q2toT3ROR2N5S1pwV3dUTjdJQ0VCNU15V0VhWFFEMFdfaFh40gHiAUFVX3lxTFBpeHpqeVFnLThGNF9JdmtYMmRlZ2RRbXNLekl3ZG9hV2JTc2g3TG5Ybmt0NkhNZGhUZ2VzSlQzWVMteVVwUjhTNWNwSW90WE45MFBpMEFTeGxuTzhkQ0dENDI4RElKcXptSFZiWEp0WE9XOEtlY1JXb0QyVWpWNzNGcFpDM3BSUm5sZFV4dG9ma1VDSHFDWTFnR212RUZwalJaNUtjc09PS1FiRGJiQ0JIeXpaMUp2dzhSZVFLV2k2RHNsSlE3Y05RR05McVJTeTRBc0N2NlFidXJDMUFlSnBqZFE?oc=5 | https://news.google.com/rss/articles/CBMijAJBVV95cUxPcU9NWkNXbDk3SHF3Z1lNQm1qV3htenhxZDVaYnVmeDF0a1FZbnQ3XzJQVmpKWlJNTThqWFlxNlVuNzBWa1J2VnQyejhORHEzd2NPYjF0YlFIVzJGQUVGd001NjZmdXN1VmNiVjdGTm5lSGN2alowWHJFblJMZHFMWGdhQ0dNT0UwMmNtWGV3anJ5RWpnWExkQ2U0Ynd6MWZqZlVhdDNYbUN4a25vellPT1FJYUxWbHBRRTJ6VER4ZGFEa2pNRUZEUnJsVDZvTlEtUHRBTExlYXpSUDE0MTAxUzVVTER1VklyWmh3bjFuU3lIMU4zTHJsSG40QkZZSi1aTWhzS3ZELTQyVllP0gGSAkFVX3lxTE1SZ2kxdjF4Q0Z2VVF4VUpjMlRCQTBfdk1Lbk9vT1hKb1ZBUlQyVVkxYk50WS02TjZUWGNHeEVqVUdBaUk2c3Mzd0FfQk9LcXh2Vm9DZG1wb1BjT1ZkUmU2TmpIdE9GbU0tUXVNOWZDVldlcE82T3oxRTNjOUg3bk1KUVNaTjlvcTFUaUt2UzNaYW1ibC1pVzFZUjhyaVF0emtCamR2RFdtdldDV181b0NIb0pSSlRhYlpwREdRS09PMFo5MTRnb1BUQk5lLVF4NGFrTjFvcVRXTTYxUGJ4TnZVTnFYSHN3TGNYdmNkVFcyNXRZaTNZb0FHZGFNcW5GanZYcGZBSjk3V3VTV0YzYU1zN0E?oc=5 | https://news.google.com/rss/articles/CBMie0FVX3lxTFBxdVpnRTkydlczWmZYaDEtMEJOYVE5WnZQMWwxeWMybGNxanpYOU9SRlZybUtTZ2wzTmZFTUk3T1ZlVktfbk11MUxrWUV4STdsZGZEOG1HQUxzWGt0NEJlT1ZOamNVdThUZlBZUThWczVlZmdVYlZjSjhsdw?oc=5,0.5,0.8018078174382386
LEXUS,EQ,2026-07-17,15.82,16.37,15.32,16.12,133883,2142356.98,2.784819868541476,6.245802552048352,6.853785900783295,0.7619047611791384,1.0,0.9282933131423148,0.0,False,,,,Enterprise value to EBIT forward of Lexus Granito (India) Ltd. – NSE:LEXUS - TradingView | Lexus Granito (India) Ltd. Share Price Today - Lexus Granito (India) Ltd. Stock Price Live NSE/BSE - CNBC TV18 | LEXUS Stock Price and Chart — NSE:LEXUS - TradingView,https://news.google.com/rss/articles/CBMiqAFBVV95cUxOdjNqQUxuNXVUMVdTYmxwU2gwd21fZXNvU2pTQlpQQ3cwLWJnUUdqY3UwaDRlTGtPdmJsMTFOcHRTYndUcTRUTmtlYk1sQlU1b2loLWdEYTNRQ1IxbTBtZDIxRFhwNUZiUG5KMnBNZzlLQ1VlXzdVbWViUThhaW5tazJpdWFmSVdpcDgwUEVoOWtXdXRIM1JnNUdvTDVuUEJwZDE4SHBEdnY?oc=5 | https://news.google.com/rss/articles/CBMihAFBVV95cUxPVHhId0xtS0Mwc2lDQ1pIRHB2UEtNVTFWNXF2OEZHRDA5WUJJMkFwNU1hWTRQN0YybkxWZ0dvSk5ybUV3aDhhb0dxRHd3UzJiT2VzSmtxQlgzRVFVZ2lneUVJUnh4SU5yRjdUcUtKSlh5Z2lBUHlIUEFWVE9sSkJZTVdpNGg?oc=5 | https://news.google.com/rss/articles/CBMiWkFVX3lxTE1BS20tWTU3LVo2RFQ4NElLcUotMU91SUItaGkwYkNaSVR1STFoc3RsU1FtenU1T3R0RXA4ZWR5eVUtb1lRdk5LX0d0elRVdHprc2R2QVI5enlidw?oc=5,0.5,0.7998053191996203
RELAXO,EQ,2026-07-17,368.0,439.95,363.7,439.95,35746124,15037318241.8,15.837707525264216,0.3681985544797553,20.96508111080561,0.9999999999868852,1.0,0.9235811993600365,0.0,False,,,,"Relaxo Footwear Share Price Today, Relaxo Footwear Stock Price Live NSE/BSE Updates - The Economic Times | RELAXO Forecast — Price Target — Prediction for 2027 - TradingView | The three-year shareholder returns and company earnings persist lower as Relaxo Footwears (NSE:RELAXO) stock falls a further 4.7% in past week - simplywall.st",https://news.google.com/rss/articles/CBMiiwFBVV95cUxONnNucXdOYTdIMW5qbmwwRnBPTENUblF1b1hMbTQwemx6RFVSUGpMbkxUVEJyZWdsRDFIS1VIa0xmNGp0Y3dFRDBIeVNjOXMtQlN4QTdrd1lfSURMVlRKZmFtajFxZER6Mnh5Z1kxYVlpYTV6RFhPLXJVYW1TNlFhX1RrWUppUWdfcndV?oc=5 | https://news.google.com/rss/articles/CBMieEFVX3lxTE9FdEpJbWZ6TDR4M3NNYjFLV2ZGREdFR1RiV0dtMHdVZU1LSEptRjVhMEg0Zng0T25GMzZDeFM1cGVLUE5CaVFoZDFuMnY1NGZ2VjdFT2hrU25ydk9DSlJmc3BvZDZ5cVllSW9ZNXZvVEdMa0o3WWhQcA?oc=5 | https://news.google.com/rss/articles/CBMi6gFBVV95cUxNYWxJTzQ3Y1piMjRUQ0xHTmQwekdlRU9aeWRwTHhtLWpLWkpodmoxbndFSnI3U2QwQmMtZlhpYmZVUl9vRUROVXpuZmhrWnJ4TWZwZkpJZmxjQndFTDhGdGlRaEZrRXByNUVnc09sQ29wZlNfU05VZnFldzFzb19Lb1Y0ZzhSbjhGel9jbjRvbE1mcnQ5YnBKU3p3YlZaOE9qN2xMU0VoVGxmR3ZaWHFsV0Z4dDVWOWdlWDB2OXNsQ1ZLVDhEMWhQdWFhWllxMUVlVUJoejE3SmVPNE5HTU81b2RBVm15R2ZIS0HSAe8BQVVfeXFMUG5JWk96ZHlRNFY2MzNBZHBNRk85SnJPUEF3WVRjTHBINkFDZ2xUNWRCeGg4SnZfWE5RQ2M0VXZ4UkYyRjM3cmEyc3hIQmZrazJ0Zzk0dTBDVURIdm9OVm9GenFBbzdmUWg0QkEtZkZJVVoxS2dPVS1EblZtZ3B5SzA4aGdjRy1aS1FuM09YLTF2OVFJTm5WUU5NdzFtUk1qMENPbnhzMVZpUnRqWEc1enhRRlJYVm9nLXEzOE0zcEhoQzNpXzB6TU5PVjRVRHBFbFBHQi1UTHFIV3BBZHZrcG9ScUZBMC1hbzkwbEdoV2s?oc=5,0.5,0.7965068395520255
WEBELSOLAR,EQ,2026-07-17,101.9,104.29,99.7,104.29,3527345,362532441.19,2.0378748829073166,2.587335145474688,4.603811434302911,0.999999999782135,1.0,0.9206216030241527,0.0,False,,,,Here's Why We Think Websol Energy System (NSE:WEBELSOLAR) Is Well Worth Watching - simplywall.st | WEBELSOLAR Forecast — Price Target — Prediction for 2027 - TradingView | Websol Energy System Limited (NSE:WEBELSOLAR) Shares Slammed 26% But Getting In Cheap Might Be Difficult Regardless - simplywall.st,https://news.google.com/rss/articles/CBMi6wFBVV95cUxPU0tVN1l2LWhpU1hra2NtcjFjZUhWN0RDSDQ4emQ3dVNTc1dlQTNZRnhCSGRxYUZVZm1FVGx2M3ZzQjU2cEhPS20xTzVhM2JPdEpUSVJIR0F4SG43R3F2bEVNZnhhQmFTcVBwMDcwZjNZRjAyYndFX2Q5NFJ6Tk44NC1hSkdQcDN5R1cwdnExRTdFRDYwZ1NNc0ltUlJnNk1aX0xHZFk1VDYzd0Q2TXVEQ0wwVDFoc05pWXR1dExJRVZhay1RYnQ3LTJIbmExbXNTUjNpaVVIRk51UDlqLVp2OVJpYXVxYno3YmRr0gHwAUFVX3lxTFBKSWhOZnpNZnRBQkNXamVYT3ctMmhpbzdLclRXWnBxbXY2bWRrMDg4ZmYzWVdFQzRydlZ6UzA2Rm0wT0J1QWlFYURoRV9nSXBqRnUtblQ1LTdHd01tekZoU1NoVldwR2RYUVJtTUQ4TmpSbEJSdTBZMWlMX3B4SHhJNUpKSXBlMkszeEJVWlZVdzh2ODAzQkpKOGFPeXlCenk0QU9CX01Na1NDMjFXSHM2bzNtXzFWSUFnYnIxUHlGTkxObVB6YW50aVhqR0ZUX2F4MktIZXR0eWpkRE1GZ3Q2ZGJMR1pQTWJWcHFfeUl1NA?oc=5 | https://news.google.com/rss/articles/CBMifkFVX3lxTE1JWXltU3RVWUdmU29MeHVEamMwQ0lVZmtpcTlmOHV3NHJUSDVWZW9mM0dFcVNDRnk0RGVBX1RPWDB4a3ZkNzlCRklGcW1BQzRPNjlaMDhjRjNjVExNWERrbkNlVm5LN0Z6ZGdNTW1RRkdsRmR0MU1rZVltN2FRUQ?oc=5 | https://news.google.com/rss/articles/CBMi6wFBVV95cUxQbml0cmtvbjJVWTJPNUpYVTVBQ0tfTzQwNzdVYURMRnBxM3NiZmZUaVZVSXBQaHJicUNFQ3dRT2kwOEtKMW5nVmhDWkhmd3JxbXdtM3h3VHllU2kzVFVPMTMxVjhjLU0zbHViVWpqbkh3Smk4a1Z1RzljeWxkaGhJUHNSM09Wem5keUpCZDNoajNzSUhDZDVBdnJJcERWNUlTZmdyOU5VOFJWSWxERzZacWl4U3pUeGFsZW4zX25mYzJTNTdyRGczYmNJWnduSm8xNl9xUFZULXZLQzFPSFVFTlIzQkJBV3RBZGk00gHwAUFVX3lxTE1BVTlfdG9GYWlqMUl2Q0hxZlRBb3BNQTRxSWsxS3lIMmZoSkwxZDhKZTg1NEt4MUdDV0ZJaFFUM2FQRHMtbDc1akc2MVFGUXJRNG11Q3BrZUJfX3dXYmFmcjV2Y3hmd0RCR1FTbG5yb1dHeEVnenY2VVhta3RSR0VrSTU0MV9pNXBwMFVxRHJJdzBjazNrckk4NVE2eW45S3QyUUlnSUJBT3NJSXh5YXMzWEtzTnR5VHhieVJkNUtBZTl6aGhmUzJnRS1wWWdFMVRJQlpPNVpYaFBwOEYtX1FoakVGaVR2YXJ4VUtPNXp6Yw?oc=5,0.5,0.7944351221169069
ROSSELLIND,EQ,2026-07-17,59.9,63.0,58.01,61.83,135546,8286446.07,5.257919113710948,1.0288412885815474,8.601965178417519,0.7655310619708352,1.0,0.9195866812553265,0.0,False,,,,Does Rossell India (NSE:ROSSELLIND) Have A Healthy Balance Sheet? - simplywall.st | Income Investors Should Know That Rossell India Limited (NSE:ROSSELLIND) Goes Ex-Dividend Soon - simplywall.st | Price to earnings forward of Rossell India Limited – NSE:ROSSELLIND - TradingView,https://news.google.com/rss/articles/CBMi6wFBVV95cUxQR1RXbVVSNXZxX3hhX01VY0xROXJDR01Td2hjOTBLRkZxSUJqU1hNMjJCNFU1VHljWnpUS3RfVkhSRlUyNnlpNmdhSEVvVG50dlFyamN1Rk5YMzJmSnhxNnJNX2hvU2ZTaEpVblpYWWlrOURiZGp1aXF1QlBVYlhNZDZXbDNCcWlJeVNYNkxaazFYWmRpYnZjQWZWOUE2cmZTVFZRZUxScXVKWjNGdWYyQ1JYVmo0QTl6VFhocVpFMXNTMEl1XzRGY0p5WF9HUUZWNzFVMER1REU1cUdSRlVsQ1FYZFN6UmRRMEVB0gHwAUFVX3lxTE5HaTR0ejY5cXBmMzNKalFDaFZBTDZaSWkxbE1VdWI2a3VvLXZpeEhvMFg1UDBpR0pCWG9reWFkUGE3V2pkLWhfdDNJNGlpZkxTc2ZXbXl0U2dab3RnZGZ2aGJ6UTBVS1E4ZUVPQ1lrRmRTNjByendGS3BUaThaOGMtSUdoc3Bpc0VtYktBQjhSWVlYbFZOQmF4Q210WEdPUjhfc1E4THhaajZ5SzV4X1c5Vi1wc1ZqcWFRMzEtYjJnTUVWTjV1LTN3UzRPSXE3WFJWSHoyaVZ2VjdBSkRUd3Y0Mm0wSU5EbUVBSHdEOFZPdQ?oc=5 | https://news.google.com/rss/articles/CBMi6wFBVV95cUxPTWVvZE5CRkZEeGQ4VzVtdktnbWx4aXVpcGdqQWZrdVczeXp5cU1iaEdoTXN3RkVHcmpWUHZyb0VWWFFlUjc4bnNhQnF3NUo5Zl9sQ2dmb3pGRzdLUnVqR0tQN19CcVV0SUtIWnEtZkxoRjducFAyeXNGY0JySlh5LTc1Z3NvemF5c1BOTmlJMTZQcEtLbnJFT1JlU05GVTA2WkNwV3czcmVySUR3NkpKUnN5aTI1OGdUZ0ppMFhVdmo0a21zTnRRckE0UzV6T0FJbEdrUGI5Z1RpS092U2R2YTJfVGhhMmFXWXNJ0gHwAUFVX3lxTFA0NHdaUzN1SlV2ckw4blV0bThoRDYxbVVMZ1Q2ZF9ZejdQRG54eWVCMGZOODdZRXgyamVkM0FZcG9JQ2FMRWxDX3VRcHN4YWtFWkFUNXlfOWtKZnA4VXRCTTJQdVd5bWRRYW1MZE95WHJFcHNJQkltNjJxX0JvNE9ORVY0NWVFZWVXLTE5QlIzazZYR0hORXNDRTdBNWt1Y0ktck1oVVVVUldXQmZ0TjZTX09EWEZLOF9tcVhvWHRvUW9MdjJTQkJtbTZsSnhScEpmVFJUaDRIc1RmcV9ER050X3FFdUZoNGZVOHc4V2tJeQ?oc=5 | https://news.google.com/rss/articles/CBMipgFBVV95cUxQdTRLZjctekRXUWpKTk80MjdjUG1jZmVZT2prbHFjVVJyc29ZQmNWaXRBanlrd1M0Njk3STVzalNpbkxKRlF4dEZld19YVEpOZVhoV25KS3h1RzdFTVF0RTV4bFhVekFURzQ5aG82djhUVkJQOTdGSFloYVdxZEdMZ011TmpHbEpiWUVuZ0R0Q2JWU3RIVVFpWENzemprelA5U0Fkbk9B?oc=5,0.5,0.7937106768787285
NURECA,EQ,2026-07-17,274.8,281.7,261.2,279.79,55390,15147815.45,1.3821981167269928,1.1856543191693156,7.848392036753446,0.9068292682484489,1.0,0.91634194659042,0.0,False,buyback,resigns,,"With EPS Growth And More, Nureca (NSE:NURECA) Makes An Interesting Case - simplywall.st | Nureca Limited Submits Q4FY26 Regulatory Certificate to Stock Exchanges - scanx.trade | Nureca Share Price Up 5% on ₹19.14 Cr Buyback at ₹330 - HDFC Sky",https://news.google.com/rss/articles/CBMizgFBVV95cUxNNHdfVmtNSklfM2xYOFJQelZDakRIbF9ZNFZHV0RTcVFYWVl2ZEtxRlhZN2dRQm5IeGpTbXNsRy1tT3pVemQxNUNIckQ0Mkp2UzA0N29EcjdoRTd5ak5BanByVUlvQ0RMMmtMM2x4eW40SWIydHc4T0k0U3RwMVhqd0lRRFVhTE1ienNFcTFsUzV5NndmUndNMm8yMlh4c3ZvaWtqUXJ1azFRVjB4bFNCcDNRaE5lS053SUF0VjFHc05yUTk5ODZFZFJ3VnZGQdIB0wFBVV95cUxNTWZ4V1dNQmRacDMzZHNwR3FobHBLN0pxTkNRNDNOYmhOM0ExQ2YtcWRsanVtZ1hYdlo2ZlJ3MDZlazdzVG5NMVZFNFJkenRwQUdJNHF5UW9pUHNySWhKZWRyalZDZ0tVRUtRcXk2b1ZMQ21wanE5RTZfVFhtSHNHMHVUalh2dWVRNVR4WFYyT3Jzc0Y1S2VtM01lUzI2dGpORGJwU3hLX051UVNwSzV5REk2djVxdG5xa0k1dFVIRU95TFdGVllBRGlNM0lndHpzM0FJ?oc=5 | https://news.google.com/rss/articles/CBMixwFBVV95cUxNSVl1QW9DdHlNc3ZrZENFN1g4am5QMXlsaHNTNGlBbXhsdkFQWHpIR2pKVjNNY0tLYnFnXzdRZ0dyZGIzaEpuUnkzU1JtUzV1U0p4Wm5SUFV4WmoxWUQ3dndySk1DdmgxY1liUXVCdy1QLUppZnA2QlFvSlhXTnMyZGtiZ3JWbmRWOGFONU5FTVpXSFZXVGFtR2kyX214ejhqU2t5SDRzTkhfTUxISHdLMXlEckRBVFlBWnVtZUFOSGRYa0FUeWFJ?oc=5 | https://news.google.com/rss/articles/CBMisgFBVV95cUxPTEtyNFhMdzRkQk95SkFId2NYaVd0X0M4RWJVamtCNnB3X1Uzb2FyZmR3ejZ4ejRTb2JBOTNSSlREVXRSeENsSVZqMVF5dEFCejVBYlY1TERWNHdhU05FVUtlS0t2N2ljaUk4akdyTmplSk1JcGFVd21USFAzZ3NYX2FNMVRiVWs0Sl81aTJwLTlrblRmb2NoanZZalltNWJFSzRfUzg1U0Z4X050U1pIM0NR?oc=5,0.5,0.791439362613294
LORDSCHLO,EQ,2026-07-17,137.0,147.5,136.5,144.57,34162,4877769.13,3.3651175161055185,1.5717674970344042,8.058608058608058,0.7336363635696688,1.0,0.9159358490922459,0.0,False,,,,LORDSCHLO Stock Price and Chart — NSE:LORDSCHLO - TradingView | Lords Chloro Alkali Ltd. Share Price Today | Lords Chloro Live NSE/BSE - Value Research | CHEMFAB Stock Price and Chart — NSE:CHEMFAB - TradingView,https://news.google.com/rss/articles/CBMiX0FVX3lxTE8wMHQ1SVo3enMwNDE5VnUwMG9WN05jTEtpSmVfTTYxTnRKMlJLdXlteDItN3NSbGtGRTc0VmpvajJyYmdSQ056Z2tjZjBGT3BRZWhYUXJCa3I2azRnQmhR?oc=5 | https://news.google.com/rss/articles/CBMifkFVX3lxTE1jMWNCLUQ3ZDJBV2FkX0xFSm9nTTlGNVpwNEhfekpITUcwa3V1elZUZ0xWUWlkSmFzdmVfY3ltRzRMQnl3MEFHTlhBWURYb25WMjl3OUZLRUFTMlVISUlnYkVKMkYtVHgtNVc0d2FGQ0JTTk44eHg3UHY2TWQxZw?oc=5 | https://news.google.com/rss/articles/CBMiXEFVX3lxTE9FMWhNakdEZ2JnbkJOeTlzRUxjMDVYcEdYT0xTRS1naHJya1c2T0hsb3FlUnVCOUVSYXY3bUQ5SWxIVHBxdXB6Q1d0YjlSd29TOXZZRk1JOVpvNWxq?oc=5,0.5,0.7911550943645721
KSR,EQ,2026-07-17,29.9,31.24,28.54,31.24,32415,990409.75,2.159157518917191,0.4704301075268717,9.460406447091799,0.9999999996296296,1.0,0.9095134958865317,0.0,False,,,,"KSR Footwear Debuts Post-Demerger, Share Price Fall 41% from Issue - HDFC Sky | KSR Footwear Ltd. Share Price Today | KSR Footwear Live NSE/BSE - Value Research | KSR Footwear Ltd. Share Price Today - KSR Footwear Ltd. Stock Price Live NSE/BSE - CNBC TV18",https://news.google.com/rss/articles/CBMiswFBVV95cUxNWnpxaTZCRjVpemxsSl9lYzRxNlpCcGxCZ243U2Nibjc3Smw5TmN5dUdBeXVVaEJvSkUySjM3RHdXMUVQMFRtZzZYMTJ1cTRDWWhRSXZQczYxQUZxUXM5cWtJeFc2a1dTbEFDbGVlaW9vZHNteEJtRDRLNVVUbG1NZElVOS05bjFyVjRibDBrRE04aEM5OHhBMkk5UUZDX1NRNXZvRXRxOUtnUDFJUGRHSFFTUQ?oc=5 | https://news.google.com/rss/articles/CBMidkFVX3lxTE81MzdCLUtVVWpGNGFORlNjTi1wNmVUVHl4RWMtMkctR1JMWUstcGJlalhsXy10YXo1WFN3WmNseW5IbU15R1Zjdzk3bklRRkY0ekZTVkhFUVlXZXRlb2djMTU5VzNVS0llRDEwWDc1SUotWTlDakE?oc=5 | https://news.google.com/rss/articles/CBMigAFBVV95cUxPcFN0MzdNOTkya1Y4Sm11VjlYUW9pU054Ykc3MW95ZUs3NXRMQTJkQS01eHNoZUh0eElOT1VYVTB3azhISkdjWnUwZ3k4WldLZW5mUWtEWlg3aEdZb3o4ZURZbDFQZ3ZtVG5NRjJjZTUtZ3ZvU0RyREtYdXdtdkkyRQ?oc=5,0.5,0.7866594471205722
GLOBE,EQ,2026-07-17,2.16,2.17,2.01,2.15,253978,543274.11,1.1703106107523076,1.8867924528301903,7.9601990049751326,0.87499999453125,1.0,0.9077964091016764,0.0,False,,,,Globe Enterprises gets NSE observations for Morabia demerger - scanx.trade | Improved Earnings Required Before Globe Enterprises (India) Limited (NSE:GLOBE) Stock's 29% Jump Looks Justified - simplywall.st | GLOBE CIVIL PROJECTS LTD Share Price - Live NSE: GLOBECIVIL Stock Price & Chart - Upstox,https://news.google.com/rss/articles/CBMiuAFBVV95cUxNNThxaGlVbjlRZTdQWnpmS05KVlJ2MzFRMVM0NThQakpGanRwR1JmV0tOZGVzUVBJWHE5b1Vidk5OcHp1ZDc3R0ZxdUxCMjg5RDdqejhPR0RSbTAtTER0QzNZZndVakpTN1FlSl9MME1YVV95MjJlN0FyM2k1azc2enJMV3FlenpoWG5Eb2JrTkRLYTZfdzZqMklleTAwMC13RjBkWUp6RHVVbkNFQW1Mc3hCOU9haldy?oc=5 | https://news.google.com/rss/articles/CBMi7AFBVV95cUxNbUF5ZVF2aXVLQ1ZRLXhTNGZJejRuZnRUVEh1YmtJbDNSUGhKX2ZfYTc1M0pIbkQ2QXBFQWI0WEtuaTN6NXhrdXlwU3EtTG1xMVZFSjNqRXQ4d3RicEhEQWFaSWktQVNRT3R5UUkwazFYZlhha0U1TWZiQ2N4MnlKSXhIMUhMNlNUMW5vLW0ycGdDdFUwaGtlTnlNRDBuSXZSRGEtMzJJamJKeHZLaC1yZDcyR0RKOWlFazdDVzRxVHQ1LW16dHBfLXpUcTdaOUpwUGt3STk2NllzcDJnTkV5a243YnhDVWVIWWk2TdIB8gFBVV95cUxOTFNRNlo4MjkzLVhvdUhNQVRlZlFRckFjTjdFVkRFcHhHMlpwU1hMeDhSZDBzWTV5NGlFUzRybkktWENHM1FZRlFhTEQyQjJvWldDVWltSHNHWmZGYXFfRmFrSURCbi1nS1FXOXUzVHRTTVRvRFozdGVDMXcxM0VZTVpMTmtOSmZlZ1RnbW9qTXZRYV9ESV8tNmUwNFk1SGNJWGZOUWs4dmVrZmROY2E2ZldCcEFiNGdRSU4zZXdUVHY4ci12SlRBTXlhblR4V3NvMzB5NU1FeFJMa09QLXpTM2ljZ1BSR1Zfd1RPZEJVNkJtUQ?oc=5 | https://news.google.com/rss/articles/CBMicEFVX3lxTE9Id3pDYTNpVG4tV1ZMRWQ5YVVwdHNnaXNraEw5VFZvS0VCVDVTWk9LMlZUaTYwbDQta3NiYUkzV1p3c3RGX2FLam5CdmZsSUNjSzg3c3NPZWh4dEZxd0dvVWpoZVRUVVVnQ3I2d2pIeko?oc=5,0.5,0.7854574863711734
PAR,EQ,2026-07-17,98.0,111.7,95.6,104.93,341908,36490744.56,17.02279776752152,3.125328843523097,16.841004184100427,0.5795031055540686,1.0,0.9077942488503187,0.0,False,,,,"CSM Tech shares make a muted stock market debut; stock lists at issue price on BSE, NSE - Business Today | Rajputana Stainless share price: Stock lists at par with IPO issue price of ₹122 per share on NSE - Upstox | Vidya Wires shares make quiet debut; list at par versus IPO price - CNBC TV18",https://news.google.com/rss/articles/CBMi8wFBVV95cUxNcEJxV2NidC1iLUprYkdEalN4WEVRNGpnZS12Ull4LXZTSVJmT2NweFJKeHhULTJUS3hTaEQ1dXBIUnBkTW43N3F4TlhGem01WHUyU1VnYzljazhDRWlLODQ0UC1wdEFUWUxsTk1wREgzZnFzMTlscDZyLWZnOVRrMWYtX3loSklpb0hNaEdhU3llYlVNR2JReW11YWxCbTFIeFF0cmxjQ2JTY3Jmam56aHhubHQwLU5QM3lQbF9oVjJSMG1DNllmSU9xQVJxNFp1U1AxdkVYYm4yaDBGVlZFbnlUV19fUU1UZ0YyZ0ZWTTEtcUXSAfgBQVVfeXFMT3lhSnlJWEVxVjEtWGNWdHE5ejM0QTdzNm5YUlZnUGI4LUQ0Q3JpV0diU3AzZmJnT3U5aExuTWlnT1VLMUQ2TFJFSlE2QTBTRnRsSmd2WVUtaVhfZXRFMktZcWxxcEVKSG5lZ1VQR0Y3eFYxUUQyVFNmU3padnNxMURuVE9yQmRvcWktZ3BoQ1ExTDNma1lvR2hkeDVUZ2ZTd2lDOVMxaUg5bHV5MGwtYVkyVUJpZG5fSFVsNW9LRXZST282Si1ZaHBtMGZOaDc1M1d2QzljcnN2a3lMOFZoOEJHRUwza2dxYUVvM3BWOXpLYUhiUV92VTE?oc=5 | https://news.google.com/rss/articles/CBMi5gFBVV95cUxNV0xfRUpFU3RPbFVkdVRmTUI3OGhDbHlRc21jeS01TjZLbm8yRnpGblVJTEJGVnBJbHo4Vmc0Xzhnb2RzOEh6VmtMY2lfcVNJeDNZMlh2T19ab3MxeHJVUV9LdV9Ja1lmdkRuU2JZRE03TU82YllyUWtYRWIzblFxMGEycm1COEVKXy1laEMxcmp4bUZ3dDRJWlUwWF9IY1VjYnJLSEZqbGtTVEdnMUNuMW1fSGd0NjJPY19NQm83TzJydlIwSVFSVzNiZUhxajBzby13S0JWZWdtWkY0eFBvc3lrc3I5dw?oc=5 | https://news.google.com/rss/articles/CBMixwFBVV95cUxNRGlrVm1vVW1WaEJLRGdEZGRrNV9hdVJGWjg4RnNNV2dSS2ZHQzFfZy1tVS12T1VnbDZsZ3MtNk5LMXNidDJIU2t3SzlkbVR4T1BiNlZGaWk5ZnpuWGF3d3FzSHdOcFBjNzVuMzZyd1MxSlRiSjRDSnNfejN6cURIYXBoekFsb0Y1aHF0cFFURkEwcUVXak5Vb1dIZ2phRTZNemhFdWJJV2N6ZDc2dkxDaFFNZE9BS2hfZ3FFZGZBZW9JX0sxc0pF0gHMAUFVX3lxTE54ZzIwVlA3RWJIUTFiVWN3M21WZ01RclRYT3hsODNhRVU3LUZaZWl2dGtkSGpjWjFNSm5UdjgwQy1fazBEODMyMklYdVU3bGJPcXlzdXJRcUFWNWFRdDJQN3NLQ25XLVpVT2VxbS1JNkRXYnFvdHpkZGozTkNZeTNFaEhBQlpncXNKcjRCRThiZ0hMRjRFXzFDOUdkeHFmQmJRUjI1MzJGeW9VQzQ3OUM0LXpLeHhCcWJuR1FyQUhCUmRBUFJ1eS1IYTVPcg?oc=5,0.5,0.7854559741952231
NITIRAJ,EQ,2026-07-17,210.6,221.95,205.0,217.85,20420,4366357.24,4.224856723149815,-1.140684410646391,8.268292682926823,0.758112094350554,1.0,0.9176357331617984,-1.0,False,,profit falls,,Nitiraj Engineers confirms no encumbrance by promoters in FY26 - scanx.trade | WAAREEINDO Stock Price and Chart — NSE:WAAREEINDO - TradingView | Nitiraj Engineers FY26 profit falls 78% to ₹106.06 lakh - scanx.trade,https://news.google.com/rss/articles/CBMiuwFBVV95cUxNMVhhenEwWTE0SDN4R1BzU2tIQUtOcFNVOVk4TW9OejFhYTZDZXZpMm9sbUZ1RWJrQjNGVi1uS19xNk9MUlo3QkZWNG9CNmxfWGMwSEVTWGIwSDNQdFd4dEN6RkVmWnY2S1VoLWh1dF9pbzNQOUVEUHU3RnJIZlo3aWY3UWVfdXhlTG53azZ5d29odXBrZTBMc0Y3ZU5FOFZOcVNWSFZCNjNzWmZMTlRkcWFrTXhQYk8zMWY4?oc=5 | https://news.google.com/rss/articles/CBMiYEFVX3lxTE5jUmY4WTZCTVNBYlRpYnVKdGp1cllENjE0UFd0ejgtSi1zZ0hqOUFIaVZUV01VZVBkZnNzazZraU9RaHVhNEhiR2hCcmg0Y0J1OUFCdERGMDU4T3NET3ZTTA?oc=5 | https://news.google.com/rss/articles/CBMirwFBVV95cUxPaHAwQ1R3ejB0SWUxLVpHazgwOXZWVjRSdjFVTXBhY2dBNnFid01OY3pLVzhGX3dlMDRNaXZ1WGZmQkN5UlFvSTZxWjRpNnNLUXFOMzgyQjYxeEZKZ3ZXRUdvam8tVlhna2pYaW8tWnl4aXhkbzZrWXNaTnBNRnZqcEVocjBJd2Q2WVBIaXFab19EMThJaFU1eW5CRV9KYndOUnMwUFdzWmZCVVFNd3VV?oc=5,0.0,0.6423450132132588
